幼兒園ID,園名,年份,縣市,人事費_決算,業務費_決算,材料費_決算,維護費_決算,修繕購置費_決算,業務發展費_決算,其他支出_決算,支出合計_決算,收入合計_決算,本期稅後餘絀,流動資產,流動負債,資產總計,負債總額,期末現金淨增加,經費流用比例,預算偏離率,人事費_預算,學生人數,教保人員數,員工人數,人事費_YoY,人事費_連續成長年數,人事費_波動度,業務費_YoY,業務費_連續成長年數,業務費_波動度,材料費_YoY,材料費_連續成長年數,材料費_波動度,維護費_YoY,維護費_連續成長年數,維護費_波動度,修繕購置費_YoY,修繕購置費_連續成長年數,修繕購置費_波動度,業務發展費_YoY,業務發展費_連續成長年數,業務發展費_波動度,其他支出_YoY,其他支出_連續成長年數,其他支出_波動度,人事費_執行率,人事費_偏離率,預算超支科目比例,人事費_占比,人事費_占比變化,業務費_占比,業務費_占比變化,材料費_占比,材料費_占比變化,維護費_占比,維護費_占比變化,修繕購置費_占比,修繕購置費_占比變化,業務發展費_占比,業務發展費_占比變化,其他支出_占比,其他支出_占比變化,每生人事費,每生總支出,每生業務費,每生修繕費,收入成長率,支出成長率,收支成長率差,收支餘絀率,流動比率,負債比率,現金流異常,師生比,師生比惡化幅度,每生人事費_歷年z,每生人事費_同業z,每生人事費_等級,每生人事費_等級分數,每生人事費_風險方向,人事費年增率_歷年z,人事費年增率_同業z,人事費年增率_等級,人事費年增率_等級分數,人事費年增率_風險方向,預決算偏離率_歷年z,預決算偏離率_同業z,預決算偏離率_等級,預決算偏離率_等級分數,預決算偏離率_風險方向,經費流用比例_歷年z,經費流用比例_同業z,經費流用比例_等級,經費流用比例_等級分數,經費流用比例_風險方向,師生比_歷年z,師生比_同業z,師生比_等級,師生比_等級分數,師生比_風險方向,教職員流動率_歷年z,教職員流動率_同業z,教職員流動率_等級,教職員流動率_等級分數,教職員流動率_風險方向,加班費負荷_歷年z,加班費負荷_同業z,加班費負荷_等級,加班費負荷_等級分數,加班費負荷_風險方向,不當管教事件_歷年z,不當管教事件_同業z,不當管教事件_等級,不當管教事件_等級分數,不當管教事件_風險方向,法遵風險指數,整體風險等級,事件前預警,事件年份
N01,安溪,109,新北市,6718238.0,250735.0,943915.0,17192.0,42647.0,1592844.0,523036.0,10276283.0,10061074.0,,,,,,,,,,,,,,0,0.28280962358486195,,0,0.19348580491432776,,0,0.33034577134196896,,0,0.622077590368313,,0,0.618184415742751,,0,0.7540399262253911,,0,0.4353985267611327,,,,0.6537614816563537,,0.024399386431845055,,0.09185373738734132,,0.0016729784495035803,,0.004150041410887575,,0.15500195936604705,,0.050897391595774465,,,,,,,,,-0.02139026111924035,,,False,,,,,N/A,0,無資料,,,N/A,0,無資料,,,N/A,0,無資料,,,N/A,0,無資料,,,N/A,0,無資料,,,N/A,0,無資料,,,N/A,0,無資料,,,N/A,0,無資料,0.0,低風險,每生人事費(YELLOW)、人事費年增率(YELLOW),113
N01,安溪,110,新北市,6763467.0,300404.0,1245534.0,105476.0,125696.0,1099000.0,1086035.0,11066312.0,11284869.0,218557.0,6087164.0,4519817.0,14735315.0,13164368.0,455750.0,0.043478260869565216,,,90.0,9.0,12.0,0.00673227116991092,1,0.28280962358486195,0.19809360480188246,1,0.19348580491432776,0.31954042472044625,1,0.33034577134196896,5.135179153094462,1,0.622077590368313,1.947358548080756,1,0.618184415742751,-0.31003915009881694,0,0.7540399262253911,1.0764058305738038,1,0.4353985267611327,,,,0.6111762437205819,-0.04258523793577185,0.0271458097331794,0.002746423301334344,0.11255186009575728,0.020698122708415964,0.009531269315378059,0.007858290865874478,0.011358436306512955,0.00720839489562538,0.0993104116348789,-0.05569154773116815,0.09813883794348108,0.04724144634770661,75149.63333333333,122959.02222222222,3337.822222222222,1396.6222222222223,0.12163661652821557,0.07687886758276315,-0.044757748945452425,0.01936726070989393,1.3467722255126702,0.8933889774327864,False,10.0,,,-0.9589410656216154,GREEN,1,正常,,0.47838486646709166,GREEN,1,正常,,,N/A,0,無資料,,-0.48120843536842345,GREEN,1,正常,,0.5773502691896268,GREEN,1,正常,,,N/A,0,無資料,,,N/A,0,無資料,,,N/A,0,無資料,0.0,低風險,每生人事費(YELLOW)、人事費年增率(YELLOW),113
N01,安溪,111,新北市,11539967.0,401715.0,2084531.0,40666.0,58005.0,1300000.0,801623.0,16743535.0,17393407.0,649872.0,8984463.0,6767244.0,20469369.0,18248550.0,3020399.0,0.12,,,134.0,12.0,18.0,0.7062206409819106,2,0.28280962358486195,0.33724917111623015,2,0.19348580491432776,0.6736042532761048,2,0.33034577134196896,-0.6144525768895294,0,0.622077590368313,-0.5385294679226069,0,0.618184415742751,0.18289353958143767,1,0.7540399262253911,-0.26188106276501216,0,0.4353985267611327,,,,0.6892192717965472,0.0780430280759653,0.023992245365151384,-0.0031535643680280154,0.12449766432237876,0.011945804226621476,0.0024287583237351013,-0.007102510991642958,0.003464322199583302,-0.007894114106929653,0.07764190775723287,-0.02166850387764603,0.04787656847852022,-0.05026226946496086,86119.15671641791,124951.75373134328,2997.873134328358,432.8731343283582,0.5413034036992366,0.5130185196296653,-0.028284884069571303,0.03736312270505715,1.3276398782133465,0.8915052535327298,False,11.166666666666666,1.166666666666666,,1.0208470538812782,YELLOW,2,HIGH,,1.9540714560283354,YELLOW,2,HIGH,,,N/A,0,無資料,,-0.4200462521617943,GREEN,1,正常,,0.216443517738857,GREEN,1,正常,,,N/A,0,無資料,,,N/A,0,無資料,,,N/A,0,無資料,10.4,低風險,每生人事費(YELLOW)、人事費年增率(YELLOW),113
N01,安溪,112,新北市,11797585.0,394450.0,2216621.0,51581.0,28074.0,2388000.0,1344392.0,18744221.0,18995020.0,250799.0,9740300.0,7272282.0,24140447.0,21668829.0,830164.0,0.06818181818181818,-0.12,13406346.590909092,134.0,12.0,18.0,0.022323980649164767,3,0.28280962358486195,-0.01808496073086641,0,0.19348580491432776,0.0633667717102792,3,0.33034577134196896,0.2684060394432696,1,0.622077590368313,-0.5160072407551073,0,0.618184415742751,0.8369230769230769,2,0.7540399262253911,0.6770876085142268,1,0.4353985267611327,0.8799999999999999,-0.12000000000000005,0.0,0.6293985223499019,-0.05982074944664528,0.021043819319031716,-0.0029484260461196676,0.11825623481498644,-0.006241429507392315,0.002751834818848967,0.00032307649511386554,0.0014977416239383861,-0.0019665805756449157,0.1273992661524851,0.04975735839525222,0.07172301265547391,0.023846444176953696,88041.67910447762,139882.24626865672,2943.6567164179105,209.50746268656715,0.09208161460259051,0.11949005989475937,0.027408445292168862,0.013203408051162885,1.3393732531274227,0.8976150690167419,False,11.166666666666666,0.0,0.9549623297104266,0.9978442960166867,GREEN,1,正常,-0.6755837309719054,0.6488822162465406,GREEN,1,正常,,0.9139028991076836,GREEN,1,正常,-0.25055539870556387,-1.3115964120811796,GREEN,1,正常,0.7071067811865481,0.5172800459362212,GREEN,1,正常,,,N/A,0,無資料,,,N/A,0,無資料,,,N/A,0,無資料,0.0,低風險,每生人事費(YELLOW)、人事費年增率(YELLOW),113
N01,安溪,113,新北市,11978248.0,382209.0,1890864.0,106064.0,128643.0,5420000.0,1765262.0,22144749.0,20155978.0,,8950842.0,6271595.0,26187977.0,25705130.0,-785570.0,0.13953488372093023,-0.13,13768101.149425287,118.0,12.0,18.0,0.015313557817129522,4,0.28280962358486195,-0.031033084041069844,0,0.19348580491432776,-0.14696107273187434,0,0.33034577134196896,1.0562610263469108,2,0.622077590368313,3.5822825390040607,1,0.618184415742751,1.269681742043551,3,0.7540399262253911,0.3130560134246559,2,0.4353985267611327,0.87,-0.12999999999999998,0.0,0.540906921094477,-0.08849160125542488,0.01725957697691674,-0.0037842423421149754,0.08538656274677126,-0.032869672068215186,0.004789577881420106,0.002037743062571139,0.005809187541479924,0.004311445917541538,0.24475328214377143,0.11735401599128634,0.0797146989563982,0.007991686300924283,101510.57627118644,187667.36440677967,3239.0593220338983,1090.1949152542372,0.06111907226209817,0.1814174085975619,0.12029833633546372,-0.0986690400237587,1.427203446651131,0.9815622642405711,False,9.833333333333334,-1.3333333333333321,2.6466011471656343,-0.05568529588768292,RED,3,HIGH+SHIFT,-0.5752738839287064,-0.8891036733722073,GREEN,1,正常,,-0.23731467028000877,GREEN,1,正常,1.5956357322453032,-0.9189135241068744,YELLOW,2,HIGH+SHIFT,-1.4021363680319452,0.5610045901091386,YELLOW,2,SHIFT,,,N/A,0,無資料,,,N/A,0,無資料,,,N/A,0,無資料,21.9,低風險,每生人事費(YELLOW)、人事費年增率(YELLOW),113
N02,山北,109,新北市,7131318.0,363294.0,905342.0,54041.0,112946.0,1199000.0,895990.0,11123655.0,10905158.0,,,,,,,,,,,,,,0,0.13704657051566285,,0,0.12095405827085978,,0,0.1050446321695969,,0,0.3211545276614987,,0,0.882047022019387,,0,0.6505814927486516,,0,0.39628696439589034,,,,0.6410948559623613,,0.032659588957046945,,0.0813888960058542,,0.004858205329093719,,0.010153677006343688,,0.10778831238473326,,0.08054816514895509,,,,,,,,,-0.02003611502006665,,,False,,,,,N/A,0,無資料,,,N/A,0,無資料,,,N/A,0,無資料,,,N/A,0,無資料,,,N/A,0,無資料,,,N/A,0,無資料,,,N/A,0,無資料,,,N/A,0,無資料,0.0,低風險,每生人事費(RED)、人事費年增率(RED)、預決算偏離率(YELLOW)、經費流用比例(RED),113
N02,山北,110,新北市,6971731.0,445333.0,1085568.0,93029.0,50201.0,294400.0,1874209.0,11291786.0,12382097.0,1065234.0,4945771.0,3172583.0,10482506.0,8709318.0,493421.0,0.03571428571428571,,,90.0,10.0,13.0,-0.022378331747371243,0,0.13704657051566285,0.22581985939762286,1,0.12095405827085978,0.19906952289852894,1,0.1050446321695969,0.7214522307137173,1,0.3211545276614987,-0.5555309616985108,0,0.882047022019387,-0.7544620517097581,0,0.6505814927486516,1.0917744617685465,1,0.39628696439589034,,,,0.6174161465688421,-0.023678709393519126,0.03943866807252635,0.006779079115479404,0.09613784745832059,0.014748951452466394,0.008238643559132276,0.0033804382300385563,0.004445798034075389,-0.005707878972268298,0.026072049186904533,-0.08171626319782872,0.16597985473688573,0.08543168958793064,77463.67777777778,125464.28888888888,4948.144444444444,557.7888888888889,0.13543490153925325,0.015114726229822842,-0.12032017530943041,0.08805544004379871,1.5589098850999328,0.8308431209102098,False,9.0,,,-0.07759681006467868,GREEN,1,正常,,-1.1493357953757126,YELLOW,2,LOW,,,N/A,0,無資料,,-0.6684220917797696,GREEN,1,正常,,-1.1547005383792506,GREEN,1,正常,,,N/A,0,無資料,,,N/A,0,無資料,,,N/A,0,無資料,5.2,低風險,每生人事費(RED)、人事費年增率(RED)、預決算偏離率(YELLOW)、經費流用比例(RED),113
N02,山北,111,新北市,7286602.0,505083.0,1115609.0,52748.0,24821.0,620000.0,2293328.0,12287391.0,12701252.0,413861.0,6110592.0,3923543.0,12172850.0,9985801.0,1093850.0,0.06896551724137931,,,90.0,10.0,13.0,0.04516396286661089,1,0.13704657051566285,0.1341692621027411,2,0.12095405827085978,0.027673070687418935,2,0.1050446321695969,-0.43299401261972076,0,0.3211545276614987,-0.5055676181749368,0,0.882047022019387,1.1059782608695652,1,0.6505814927486516,0.22362447304436164,2,0.39628696439589034,,,,0.5930145789289198,-0.024401567639922295,0.041105796991403626,0.0016671289188772767,0.09079299258890679,-0.005344854869413801,0.004292855985456962,-0.003945787573675314,0.0020200382652428004,-0.0024257597688325887,0.05045822990413506,0.024386180717230525,0.18664076043482297,0.020660905697937243,80962.24444444444,136526.56666666668,5612.033333333334,275.7888888888889,0.02577552089924671,0.08817072870491878,0.062395207805672065,0.032584268070580756,1.5574168551230354,0.820333857724362,False,9.0,0.0,,0.2999221988274466,GREEN,1,正常,,-0.4714296955755956,GREEN,1,正常,,,N/A,0,無資料,,-0.8161198366953338,GREEN,1,正常,,-0.9598028122682087,GREEN,1,正常,,,N/A,0,無資料,,,N/A,0,無資料,,,N/A,0,無資料,0.0,低風險,每生人事費(RED)、人事費年增率(RED)、預決算偏離率(YELLOW)、經費流用比例(RED),113
N02,山北,112,新北市,9157815.0,463878.0,1219134.0,81966.0,107677.0,1833375.0,935839.0,14199695.0,13850855.0,,6167364.0,4329155.0,14224642.0,12386433.0,273483.0,0.13043478260869565,-0.06999999999999995,9847112.903225806,90.0,10.0,13.0,0.2568018673175782,2,0.13704657051566285,-0.08158065110090816,0,0.12095405827085978,0.09279684907525845,3,0.1050446321695969,0.5539167361795708,1,0.3211545276614987,3.338141090205874,1,0.882047022019387,1.9570564516129032,2,0.6505814927486516,-0.5919297196039991,0,0.39628696439589034,0.93,-0.06999999999999992,0.0,0.6449304016741204,0.05191582274520057,0.032668166464138844,-0.008437630527264782,0.08585635113993646,-0.004936641448970325,0.005772377505291487,0.0014795215198345254,0.007583050199317661,0.0055630119340748605,0.129113688709511,0.07865545880537594,0.06590557050697216,-0.12073518992785082,101753.5,157774.38888888888,5154.2,1196.411111111111,0.09051099844330307,0.15563141109451145,0.06512041265120838,-0.02518544884052284,1.4246115003967288,0.8707729164642597,False,9.0,0.0,9.111484455500289,1.7969745238613424,RED,3,HIGH+SHIFT,5.138421951885826,2.1113678302271874,RED,3,HIGH+SHIFT,,1.314737503979475,YELLOW,2,HIGH,3.3214661525300464,-0.34002542024031024,RED,3,HIGH+SHIFT,,-1.7190049726847707,GREEN,1,正常,,,N/A,0,無資料,,,N/A,0,無資料,,,N/A,0,無資料,36.5,中風險,每生人事費(RED)、人事費年增率(RED)、預決算偏離率(YELLOW)、經費流用比例(RED),113
N02,山北,113,新北市,9040242.0,485428.0,1120241.0,44629.0,288508.0,2204787.0,1652090.0,15191842.0,15866725.0,674883.0,6619733.0,4106641.0,16869798.0,14356706.0,471634.0,0.13043478260869565,-0.09999999999999998,10044713.333333334,86.0,10.0,13.0,-0.012838542818346952,0,0.13704657051566285,0.046456180288782824,1,0.12095405827085978,-0.08111741613309119,0,0.1050446321695969,-0.4555181416684967,0,0.3211545276614987,1.6793837123991195,2,0.882047022019387,0.20258375946001228,3,0.6505814927486516,0.765357075308894,1,0.39628696439589034,0.8999999999999999,-0.10000000000000006,0.0,0.5950721446418413,-0.049858257032279085,0.031953202251576864,-0.0007149642125619804,0.07373964263188099,-0.012116708508055477,0.0029376951129428544,-0.0028346823923486326,0.018990982133700443,0.011407931934382783,0.14512966893678858,0.01601598022727757,0.10874849804256785,0.042842927535595696,105119.09302325582,176649.32558139536,5644.511627906977,3354.7441860465115,0.14554119583231503,0.06987100779277301,-0.07567018803954202,0.04253448648035433,1.6119580455170053,0.8510301071773355,False,8.6,-0.40000000000000036,1.4007205067853434,0.9754486178043323,YELLOW,2,HIGH+SHIFT,-0.7279777233962936,-0.823115524212933,GREEN,1,正常,,0.21821789023599222,GREEN,1,正常,1.0833944974920544,-1.1544058619464388,YELLOW,2,HIGH+SHIFT,,-1.1263148458111019,GREEN,1,正常,,,N/A,0,無資料,,,N/A,0,無資料,,,N/A,0,無資料,10.4,低風險,每生人事費(RED)、人事費年增率(RED)、預決算偏離率(YELLOW)、經費流用比例(RED),113
N03,龍埔成長,109,新北市,7162121.0,409373.0,1210642.0,80008.0,125380.0,138501.0,768008.0,10229117.0,10498307.0,269190.0,,,,,,,,,,,,,0,0.17476084244079193,,0,0.094546652801923,,0,0.0683986555616473,,0,0.11701935068588745,,0,0.13679099900073857,,0,0.9340091658120838,,0,0.6538597870175021,,,,0.7001700146747759,,0.04002036539419776,,0.11835254206203723,,0.007821593985091772,,0.012257167456389441,,0.013539878368778067,,0.07508057635864367,,,,,,,,,0.025641277207839323,,,False,,,,,N/A,0,無資料,,,N/A,0,無資料,,,N/A,0,無資料,,,N/A,0,無資料,,,N/A,0,無資料,,,N/A,0,無資料,,,N/A,0,無資料,,,N/A,0,無資料,0.0,低風險,每生人事費(RED)、人事費年增率(RED)、預決算偏離率(YELLOW),113
N03,龍埔成長,110,新北市,7235004.0,413394.0,1126043.0,87399.0,126641.0,98000.0,1675731.0,11188278.0,11955951.0,767673.0,5685118.0,3397476.0,9229892.0,6935050.0,860638.0,0.1111111111111111,,,90.0,9.0,12.0,0.010176175465340505,1,0.17476084244079193,0.009822338063330997,1,0.094546652801923,-0.0698794523897238,0,0.0683986555616473,0.09237826217378262,1,0.11701935068588745,0.010057425426702824,1,0.13679099900073857,-0.29242388141601866,0,0.9340091658120838,1.1819186779304383,1,0.6538597870175021,,,,0.6466592982405335,-0.053510716434242434,0.03694884950123692,-0.003071515892960841,0.10064488923139021,-0.017707652830647014,0.007811657879791689,-9.936105300083209e-06,0.01131907877155001,-0.0009380886848394318,0.00875916740717383,-0.004780710961604238,0.14977559549378378,0.07469501913514011,80388.93333333333,124314.2,4593.266666666666,1407.1222222222223,0.1388456252993935,0.09376772208197443,-0.045077903217419085,0.06420844314266594,1.673335735116304,0.7513684883853462,False,10.0,,,1.0365378756862997,YELLOW,2,HIGH,,0.670950928908621,GREEN,1,正常,,,N/A,0,無資料,,1.1496305271481924,YELLOW,2,HIGH,,0.5773502691896268,GREEN,1,正常,,,N/A,0,無資料,,,N/A,0,無資料,,,N/A,0,無資料,10.4,低風險,每生人事費(RED)、人事費年增率(RED)、預決算偏離率(YELLOW),113
N03,龍埔成長,111,新北市,6737493.0,419663.0,1198211.0,104079.0,125945.0,1000000.0,1853498.0,11864854.0,12215954.0,351100.0,6532802.0,3894060.0,11149432.0,8503490.0,715736.0,0.0,,,89.0,9.0,12.0,-0.06876444021316366,0,0.17476084244079193,0.015164709695834966,2,0.094546652801923,0.0640899148611554,1,0.0683986555616473,0.19084886554766073,2,0.11701935068588745,-0.005495850474964664,0,0.13679099900073857,9.204081632653061,1,0.9340091658120838,0.10608325560606088,2,0.6538597870175021,,,,0.5678530051865788,-0.0788062930539547,0.03537026245750685,-0.0015785870437300675,0.10098826331954865,0.0003433740881584324,0.008772042201277825,0.0009603843214861362,0.010614964162222308,-0.0007041146093277016,0.08428253731567198,0.07552336990849814,0.15621751434952338,0.006441918855739609,75702.16853932584,133312.96629213484,4715.314606741573,1415.112359550562,0.02174674352546276,0.06047186171098001,0.03872511818551726,0.02874110364200782,1.6776325993949759,0.7626836954564142,False,9.88888888888889,-0.11111111111111072,,-0.4354247024721936,GREEN,1,正常,,-0.8894475176755529,GREEN,1,正常,,,N/A,0,無資料,,-1.3513544103893063,GREEN,1,正常,,-0.4772402153422327,GREEN,1,正常,,,N/A,0,無資料,,,N/A,0,無資料,,,N/A,0,無資料,0.0,低風險,每生人事費(RED)、人事費年增率(RED)、預決算偏離率(YELLOW),113
N03,龍埔成長,112,新北市,5280926.0,480975.0,1350447.0,105827.0,105781.0,2393000.0,3721263.0,13893372.0,14144106.0,250734.0,6441870.0,3552394.0,13476093.0,10579417.0,116233.0,0.1276595744680851,-0.37,8382422.222222222,90.0,9.0,12.0,-0.21618827655924838,0,0.17476084244079193,0.1460981787767804,3,0.094546652801923,0.1270527478048524,2,0.0683986555616473,0.016794934616973647,3,0.11701935068588745,-0.1601016316646155,0,0.13679099900073857,1.393,2,0.9340091658120838,1.0076973376825873,3,0.6538597870175021,0.63,-0.37,0.0,0.38010398051675287,-0.1877490246698259,0.03461902553246253,-0.0007512369250443213,0.09720080913402449,-0.003787454185524161,0.007617085326729897,-0.0011549568745479284,0.00761377439544554,-0.0030011897667767675,0.17224040355357936,0.08795786623790738,0.26784448008733946,0.11162696573781608,58676.955555555556,154370.8,5344.166666666667,1175.3444444444444,0.1578388392752625,0.1709686440305123,0.013129804755249802,0.017727101309902512,1.8133883797799455,0.7850507561798512,False,10.0,0.11111111111111072,-5.844400450099417,-0.7135431556607456,RED,3,LOW+SHIFT,-3.348190676792355,-0.8387665760621361,RED,3,LOW+SHIFT,,-1.0902701252512719,YELLOW,2,LOW,0.9177343330293489,-0.38333760224740077,GREEN,1,正常,0.7071067811865476,-0.6868734256289281,GREEN,1,正常,,,N/A,0,無資料,,,N/A,0,無資料,,,N/A,0,無資料,26.0,中風險,每生人事費(RED)、人事費年增率(RED)、預決算偏離率(YELLOW),113
N03,龍埔成長,113,新北市,8710840.0,498463.0,1183148.0,98854.0,91690.0,1699800.0,948203.0,13604475.0,12844402.0,,6167351.0,4037948.0,14987068.0,12850465.0,-276976.0,0.2391304347826087,-0.08999999999999997,9572351.648351649,71.0,9.0,12.0,0.6494910172950729,1,0.17476084244079193,0.03635947814335464,4,0.094546652801923,-0.12388416576141086,0,0.0683986555616473,-0.06589055723019645,0,0.11701935068588745,-0.13320917745152722,0,0.13679099900073857,-0.28967822816548267,0,0.9340091658120838,-0.745193231437821,0,0.6538597870175021,0.9099999999999999,-0.09000000000000004,0.0,0.6402922567758036,0.2601882762590507,0.036639635120061596,0.0020206095875990662,0.08696756030644329,-0.010233248827581198,0.007266285542073472,-0.00035079978465642463,0.006739694108004903,-0.0008740802874406374,0.12494418196953576,-0.047296221584043605,0.06969787514769957,-0.1981466049396399,122687.88732394367,191612.32394366196,7020.605633802817,1291.4084507042253,-0.0918901484476997,-0.0207938720707975,0.0710962763769022,-0.05917542910911695,1.527347801408042,0.857436891592138,False,7.888888888888889,-2.1111111111111107,4.472377071128662,1.1201878960441851,RED,3,HIGH+SHIFT,6.450045846020064,1.1603042330768938,RED,3,HIGH+SHIFT,,0.2622951618884308,GREEN,1,正常,2.2981212024253312,0.028852780270190823,RED,3,HIGH+SHIFT,-32.33161507461923,-1.5920132284823112,RED,3,SHIFT,,,N/A,0,無資料,,,N/A,0,無資料,,,N/A,0,無資料,43.8,中風險,每生人事費(RED)、人事費年增率(RED)、預決算偏離率(YELLOW),113
N04,海工,109,新北市,3719957.0,318596.0,834652.0,100460.0,177849.0,448000.0,174027.0,5983467.0,6198132.0,151559.0,,,,,,,,,,,,,0,0.2534329493476965,,0,0.22043468798942326,,0,0.12397638496713083,,0,0.3491655558489159,,0,0.33343854301727777,,0,0.6921217039147021,,0,0.8669068331044735,,,,0.6217059440621967,,0.05324605283191167,,0.1394930397376638,,0.016789597068054357,,0.02972340283651602,,0.07487297916074409,,0.029084642733050923,,,,,,,,,0.03463382193215633,,,False,,,,,N/A,0,無資料,,,N/A,0,無資料,,,N/A,0,無資料,,,N/A,0,無資料,,,N/A,0,無資料,,,N/A,0,無資料,,,N/A,0,無資料,,,N/A,0,無資料,0.0,低風險,每生人事費(YELLOW)、人事費年增率(RED)、預決算偏離率(YELLOW)、經費流用比例(RED)、師生比(RED),113
N04,海工,110,新北市,3798440.0,356834.0,956833.0,70282.0,195741.0,336000.0,765804.0,6790138.0,7163219.0,373081.0,2593148.0,1430744.0,5285338.0,4122934.0,771240.0,0.46153846153846156,,,,5.0,7.0,0.02109782451786405,1,0.2534329493476965,0.12002033923840852,1,0.22043468798942326,0.14638555949066198,1,0.12397638496713083,-0.30039816842524386,0,0.3491655558489159,0.1006021962451293,1,0.33343854301727777,-0.25,0,0.6921217039147021,3.400489579203227,1,0.8669068331044735,,,,0.5594054200371186,-0.06230052402507813,0.05255180380722748,-0.0006942490246841862,0.1409151036400144,0.0014220639023505843,0.010350599649079298,-0.00643899741897506,0.02882724916636451,-0.0008961536701515074,0.049483530378911296,-0.025389448781832795,0.11278180207824937,0.08369715934519845,,,,,0.1557061062913794,0.1348166539566442,-0.020889452334735215,0.05208286944738113,1.8124472302522323,0.7800700730965551,False,,,,,N/A,0,無資料,,0.03543897563350266,GREEN,1,正常,,,N/A,0,無資料,,2.2365367570547194,RED,3,HIGH,,,N/A,0,無資料,,,N/A,0,無資料,,,N/A,0,無資料,,,N/A,0,無資料,10.4,低風險,每生人事費(YELLOW)、人事費年增率(RED)、預決算偏離率(YELLOW)、經費流用比例(RED)、師生比(RED),113
N04,海工,111,新北市,4018956.0,375935.0,1040430.0,85436.0,166999.0,480000.0,1219083.0,7679993.0,7765295.0,85302.0,2758013.0,1510307.0,5928185.0,4680479.0,131282.0,0.4583333333333333,,,60.0,4.0,6.0,0.058054359157970116,2,0.2534329493476965,0.053529091958725905,2,0.22043468798942326,0.08736843315395686,2,0.12397638496713083,0.21561708545573546,1,0.3491655558489159,-0.14683689160676608,0,0.33343854301727777,0.42857142857142855,1,0.6921217039147021,0.591899493865271,2,0.8669068331044735,,,,0.5233020394680047,-0.036103380569113885,0.04894991440747407,-0.003601889399753408,0.13547277972779403,-0.005442323912220354,0.011124489306175149,0.0007738896570958515,0.02174468127770429,-0.007082567888660223,0.06250005696619776,0.013016526587286463,0.1587349103052568,0.04595310822700743,66982.6,127999.88333333333,6265.583333333333,2783.3166666666666,0.08405103906497903,0.13105109203966106,0.04700005297468203,0.010985030188808023,1.8261274032365604,0.7895298476683842,False,15.0,,,-1.6544009723438173,YELLOW,2,LOW,,-0.42413318971703207,GREEN,1,正常,,,N/A,0,無資料,,2.2057253606185516,RED,3,HIGH,,2.2974947169821283,RED,3,HIGH,,,N/A,0,無資料,,,N/A,0,無資料,,,N/A,0,無資料,28.1,中風險,每生人事費(YELLOW)、人事費年增率(RED)、預決算偏離率(YELLOW)、經費流用比例(RED)、師生比(RED),113
N04,海工,112,新北市,2899218.0,384913.0,1098507.0,33078.0,143845.0,1300000.0,2593336.0,8709004.0,9031229.0,322225.0,3271040.0,1701109.0,7790743.0,6220812.0,519610.0,0.29545454545454547,-0.39,4752816.393442623,60.0,5.0,7.0,-0.2786141475547381,0,0.2534329493476965,0.02388178807506617,3,0.22043468798942326,0.05582018972924656,3,0.12397638496713083,-0.6128329977995225,0,0.3491655558489159,-0.13864753681159767,0,0.33343854301727777,1.7083333333333333,2,0.6921217039147021,1.127284196400081,3,0.8669068331044735,0.61,-0.39000000000000007,0.0,0.3328989170288589,-0.1904031224391458,0.04419713207158936,-0.004752782335884713,0.12613463032052805,-0.009338149407265989,0.0037981381108563046,-0.0073263511953188445,0.016516814092633326,-0.005227867185070963,0.1492708006564241,0.08677074369022633,0.2977764162239448,0.139041505918688,48320.3,145150.06666666668,6415.216666666666,2397.4166666666665,0.163024585672534,0.13398592941425858,-0.029038656258275425,0.03567897569644176,1.9228867756269588,0.798487641037575,False,12.0,-3.0,,-1.3171330491461815,YELLOW,2,LOW,-12.176167390854246,-1.228129255708865,RED,3,LOW+SHIFT,,-1.2506039671999885,YELLOW,2,LOW,-72.57486872359948,2.235408796226756,RED,3,HIGH+SHIFT,,1.3773896684827576,YELLOW,2,HIGH,,,N/A,0,無資料,,,N/A,0,無資料,,,N/A,0,無資料,37.5,中風險,每生人事費(YELLOW)、人事費年增率(RED)、預決算偏離率(YELLOW)、經費流用比例(RED)、師生比(RED),113
N04,海工,113,新北市,5682706.0,546000.0,838560.0,93000.0,67200.0,,,7398682.0,7394688.0,,3309865.0,2260002.0,9032432.0,7982569.0,68839.0,0.35555555555555557,-0.10999999999999999,5699128.08988764,48.0,5.0,7.0,0.9600823394446365,1,0.2534329493476965,0.41850236287160997,4,0.22043468798942326,-0.23663663499640877,0,0.12397638496713083,1.8115363685833485,1,0.3491655558489159,-0.5328304772498175,0,0.33343854301727777,,0,0.6921217039147021,,0,0.8669068331044735,0.9971184908237491,-0.0028815091762508893,0.0,0.7680700427454511,0.4351711257165922,0.07379692761494547,0.02959979554335611,0.11333910553257999,-0.012795524787948057,0.012569806351996208,0.008771668241139903,0.009082698783377904,-0.0074341153092554214,,,,,118389.70833333333,154139.20833333334,11375.0,1400.0,-0.18120911339973772,-0.1504560108136361,0.030753102586101616,-0.000540117446469682,1.4645407393444785,0.883767406164807,False,9.6,-2.4000000000000004,4.602694667319711,0.88153089957317,RED,3,HIGH+SHIFT,5.560018892130295,2.164011163644542,RED,3,HIGH+SHIFT,,0.012490245804210988,GREEN,1,正常,-0.5217398979983532,1.136771811545941,YELLOW,2,HIGH,-1.838477631085024,0.3026424518781636,YELLOW,2,SHIFT,,,N/A,0,無資料,,,N/A,0,無資料,,,N/A,0,無資料,32.3,中風險,每生人事費(YELLOW)、人事費年增率(RED)、預決算偏離率(YELLOW)、經費流用比例(RED)、師生比(RED),113
N05,漢翔,109,新北市,5793497.0,331216.0,700530.0,84294.0,115271.0,1718000.0,1093143.0,10331296.0,9992126.0,,,,,,,,,,,,,,0,0.10907879573317937,,0,0.16518805397793465,,0,0.2390514884596517,,0,0.2727482153296762,,0,0.4418368817915091,,0,0.4396100958934261,,0,0.6237777539061031,,,,0.5607715624448278,,0.0320594821791961,,0.06780659464214364,,0.008159092528178459,,0.011157457883309123,,0.16629085063480903,,0.1058088936760693,,,,,,,,,-0.03394372729086883,,,False,,,,,N/A,0,無資料,,,N/A,0,無資料,,,N/A,0,無資料,,,N/A,0,無資料,,,N/A,0,無資料,,,N/A,0,無資料,,,N/A,0,無資料,,,N/A,0,無資料,0.0,低風險,預決算偏離率(RED),113
N05,漢翔,110,新北市,,,,,,,,9263359.0,9343440.0,80081.0,4605175.0,3037369.0,12286520.0,10703714.0,221228.0,0.14893617021276595,-0.16000000000000003,6978747.619047619,76.0,8.0,11.0,,0,0.10907879573317937,,0,0.16518805397793465,,0,0.2390514884596517,,0,0.2727482153296762,,0,0.4418368817915091,,0,0.4396100958934261,,0,0.6237777539061031,,,,,,,,,,,,,,,,,,,121886.30263157895,,,-0.06491971778578452,-0.10336912232502099,-0.03844940453923647,0.008570826162526864,1.516172384718485,0.8711754019852651,False,9.5,,,,N/A,0,無資料,,,N/A,0,無資料,,,N/A,0,無資料,,-0.2294785881241215,GREEN,1,正常,,-0.6533860438106918,GREEN,1,正常,,,N/A,0,無資料,,,N/A,0,無資料,,,N/A,0,無資料,0.0,低風險,預決算偏離率(RED),113
N05,漢翔,111,新北市,6412661.0,412723.0,1086820.0,147265.0,46170.0,744800.0,2463788.0,11869873.0,11976524.0,106651.0,5152130.0,3477673.0,12882843.0,11193386.0,491335.0,0.2222222222222222,-0.10999999999999999,7205237.078651685,76.0,8.0,11.0,,0,0.10907879573317937,,0,0.16518805397793465,,0,0.2390514884596517,,0,0.2727482153296762,,0,0.4418368817915091,,0,0.4396100958934261,,0,0.6237777539061031,0.89,-0.10999999999999999,0.0,0.5402468080324027,,0.034770633182006246,,0.0915612155243784,,0.012406619683294,,0.0038896793588271755,,0.06274709089136843,,0.20756650050088996,,84377.11842105263,156182.5394736842,5430.565789473684,607.5,0.2818109818225407,0.2813789252904913,-0.0004320565320494185,0.008905004490451486,1.4814877649508738,0.8688599247852357,False,9.5,0.0,,0.7773139783993022,GREEN,1,正常,,,N/A,0,無資料,,0.2961567668464219,GREEN,1,正常,,0.3732903270690491,GREEN,1,正常,,-0.6883613514973473,GREEN,1,正常,,,N/A,0,無資料,,,N/A,0,無資料,,,N/A,0,無資料,0.0,低風險,預決算偏離率(RED),113
N05,漢翔,112,新北市,5032018.0,421276.0,1180578.0,88595.0,111709.0,1782519.0,3729484.0,12653515.0,12921591.0,268076.0,5253472.0,3310939.0,14672741.0,12715208.0,517860.0,0.15217391304347827,-0.31999999999999995,7400026.470588235,76.0,8.0,11.0,-0.21529954569561685,0,0.10907879573317937,0.02072334229010741,1,0.16518805397793465,0.08626819528532784,1,0.2390514884596517,-0.39839744677961497,0,0.2727482153296762,1.4195148364739008,1,0.4418368817915091,1.3932854457572503,1,0.4396100958934261,0.5137195245694841,1,0.6237777539061031,0.68,-0.32,0.0,0.39767748329219194,-0.14256932474021072,0.03329319955759329,-0.001477433624412959,0.0933003991381051,0.0017391836137266997,0.007001611805099215,-0.005405007878194785,0.00882829790773552,0.004938618548908344,0.1408714495537406,0.07812435866237216,0.2947389717402635,0.08717247123937352,66210.76315789473,166493.61842105264,5543.105263157895,1469.8552631578948,0.07890995751354901,0.06601940896924507,-0.012890548544303937,0.02074636165159538,1.5867015369355943,0.8665870950765096,False,9.5,0.0,,-0.2744699332442313,GREEN,1,正常,,-0.8332233833916914,GREEN,1,正常,-5.232590180780445,-0.6894355203794804,RED,3,LOW+SHIFT,-0.6446275003804427,-0.0007466611847683747,GREEN,1,正常,,-1.2029391991568494,GREEN,1,正常,,,N/A,0,無資料,,,N/A,0,無資料,,,N/A,0,無資料,10.4,低風險,預決算偏離率(RED),113
N05,漢翔,113,新北市,6363884.0,298788.0,811922.0,127280.0,55784.0,2575405.0,999581.0,11597650.0,13204495.0,1606845.0,6973753.0,3424375.0,19443325.0,15878947.0,1641131.0,0.23809523809523808,-0.28,8838727.777777778,72.0,7.0,8.0,0.2646783059997003,1,0.10907879573317937,-0.2907547546026833,0,0.16518805397793465,-0.312267380893088,0,0.2390514884596517,0.4366499238105988,1,0.2727482153296762,-0.5006311040292187,0,0.4418368817915091,0.4448120889595006,2,0.4396100958934261,-0.731978740222508,0,0.6237777539061031,0.72,-0.28,0.0,0.5487218531340401,0.15104436984184816,0.025762805395920726,-0.00753039416167256,0.07000745840752222,-0.023292940730582884,0.010974637103206253,0.003973025298107038,0.004809939944730182,-0.004018357963005337,0.22206265924562305,0.08119120969188245,0.08618823640996236,-0.2085507353303011,88387.27777777778,161078.47222222222,4149.833333333333,774.7777777777778,0.021893898359729852,-0.08344440260275504,-0.1053383009624849,0.12168924294340677,2.0365038875707246,0.8166785773523818,False,10.285714285714286,0.7857142857142865,1.0192894764715807,-0.784358301146771,YELLOW,2,HIGH+SHIFT,,-0.08325654197818452,GREEN,1,正常,-0.7596714068284556,-2.1108515409116557,RED,3,LOW,1.537143184798661,0.019001692262403874,YELLOW,2,HIGH+SHIFT,,1.0619107764753126,YELLOW,2,HIGH,,,N/A,0,無資料,,,N/A,0,無資料,,,N/A,0,無資料,27.1,中風險,預決算偏離率(RED),113
N06,昌平,109,新北市,6795977.0,545111.0,1265471.0,70046.0,111104.0,1066000.0,618996.0,10921309.0,10283332.0,,,,,,,,,,,,,,0,0.07377587389490904,,0,0.04348763746545658,,0,0.10014203220787583,,0,0.2429242503962055,,0,0.15595559007780208,,0,0.41145214525627555,,0,0.47408225249112224,,,,0.622267623780263,,0.04991260662984629,,0.11587173295801813,,0.006413700042732973,,0.010173139501867405,,0.09760734725113995,,0.05667782131244524,,,,,,,,,-0.06203991079934014,,,False,,,,,N/A,0,無資料,,,N/A,0,無資料,,,N/A,0,無資料,,,N/A,0,無資料,,,N/A,0,無資料,,,N/A,0,無資料,,,N/A,0,無資料,,,N/A,0,無資料,0.0,低風險,人事費年增率(RED)、師生比(YELLOW),113
N06,昌平,110,新北市,7099629.0,532499.0,1462619.0,54588.0,140166.0,613100.0,1830781.0,12416699.0,14059209.0,1611855.0,5614254.0,3806456.0,11454209.0,9634911.0,1644851.0,0.14285714285714285,,,,10.0,13.0,0.04468114003328734,1,0.07377587389490904,-0.023136572184380796,0,0.04348763746545658,0.15579021565883375,1,0.10014203220787583,-0.22068355080946805,0,0.2429242503962055,0.26157474078341014,1,0.15595559007780208,-0.424859287054409,0,0.41145214525627555,1.9576620850538615,1,0.47408225249112224,,,,0.571780712409957,-0.05048691137030603,0.0428857138278056,-0.007026892802040691,0.11779451205187466,0.0019227790938565331,0.004396337545107601,-0.0020173624976253723,0.011288507517175056,0.0011153680153076512,0.04937705262888309,-0.048230294622256864,0.14744506571352015,0.0907672444010749,,,,,0.367184196717562,0.13692406285730035,-0.23026013386026162,0.11682805199069166,1.4749294356745488,0.8411677314426513,False,,,,,N/A,0,無資料,,0.5617136236057817,GREEN,1,正常,,,N/A,0,無資料,,-0.2774340099451012,GREEN,1,正常,,,N/A,0,無資料,,,N/A,0,無資料,,,N/A,0,無資料,,,N/A,0,無資料,0.0,低風險,人事費年增率(RED)、師生比(YELLOW),113
N06,昌平,111,新北市,7770536.0,559276.0,1575211.0,73263.0,115092.0,1382600.0,2000383.0,14033020.0,13965976.0,,5765683.0,4024929.0,13342087.0,11589833.0,335677.0,0.08333333333333333,,,,10.0,13.0,0.09449888156127595,2,0.07377587389490904,0.05028554044232947,1,0.04348763746545658,0.0769797192570314,2,0.10014203220787583,0.34210815563860186,1,0.2429242503962055,-0.1788878900731989,0,0.15595559007780208,1.2550970477899202,1,0.41145214525627555,0.09263915236175162,2,0.47408225249112224,,,,0.5537322686064724,-0.018048443803484582,0.03985428653276344,-0.0030314272950421606,0.11225032102854553,-0.005544191023329134,0.005220757898157346,0.000824420353049745,0.008201513287945146,-0.0030869942292299102,0.09852476516102734,0.049147712532144255,0.14254828967677663,-0.0048967760367435165,,,,,-0.006631454159334284,0.13017316438129006,0.13680461854062434,-0.004800523787238357,1.4324930949092518,0.8686671732840597,False,,,,,N/A,0,無資料,,-0.29041359503583936,GREEN,1,正常,,,N/A,0,無資料,,-0.704612633842423,GREEN,1,正常,,,N/A,0,無資料,,,N/A,0,無資料,,,N/A,0,無資料,,,N/A,0,無資料,0.0,低風險,人事費年增率(RED)、師生比(YELLOW),113
N06,昌平,112,新北市,6839375.0,514283.0,1602786.0,104233.0,116753.0,2039112.0,3186160.0,14950976.0,15138118.0,187142.0,6039073.0,4111177.0,15705283.0,13765887.0,169148.0,0.1111111111111111,-0.24,8999177.631578946,118.0,10.0,13.0,-0.11983227411854215,0,0.07377587389490904,-0.08044865147083015,0,0.04348763746545658,0.01750559131443343,3,0.10014203220787583,0.42272361219169297,2,0.2429242503962055,0.014431932714697808,1,0.15595559007780208,0.47483870967741937,2,0.41145214525627555,0.5927749835906424,3,0.47408225249112224,0.7600000000000001,-0.23999999999999994,0.0,0.4574534130748387,-0.09627885553163368,0.03439795502313695,-0.005456331509626489,0.10720276723071458,-0.00504755379783095,0.006971651884131177,0.0017508939859738311,0.007809055408824146,-0.00039245787912099966,0.13638654760732677,0.037861782446299425,0.21310715768656174,0.07055886800978511,57960.80508474576,126703.18644067796,4358.330508474576,989.4322033898305,0.08392839855947053,0.06541400211786201,-0.018514396441608516,0.012362302896568781,1.468940159959058,0.8765131452900276,False,11.8,,,-0.7072240556189551,GREEN,1,正常,-5.377272355736081,-0.631474950544642,RED,3,LOW+SHIFT,,-0.4588314677411236,GREEN,1,正常,-0.04714045207910301,-1.0529724332631274,GREEN,1,正常,,1.1547005383792517,YELLOW,2,HIGH,,,N/A,0,無資料,,,N/A,0,無資料,,,N/A,0,無資料,16.7,低風險,人事費年增率(RED)、師生比(YELLOW),113
N06,昌平,113,新北市,7955962.0,501842.0,1638179.0,70966.0,157505.0,1783086.0,2756369.0,15234973.0,14632460.0,,4831707.0,3506324.0,16254782.0,14917899.0,-1001962.0,0.09090909090909091,-0.13,9144783.908045977,105.0,10.0,13.0,0.163258631088367,1,0.07377587389490904,-0.024190961007849763,0,0.04348763746545658,0.022082174413801968,4,0.10014203220787583,-0.3191599589381482,0,0.2429242503962055,0.34904456416537477,2,0.15595559007780208,-0.12555759565928698,0,0.41145214525627555,-0.13489310015818415,0,0.47408225249112224,0.87,-0.13000000000000003,0.0,0.5222170068827822,0.06476359380794344,0.0329401305798179,-0.0014578244433190515,0.10752752892965416,0.0003247616989395796,0.004658098179760476,-0.002313553704370701,0.010338383927559307,0.0025293285187351607,0.1170389996752866,-0.019347547932040174,0.18092378634343495,-0.03218337134312679,75771.06666666667,145094.98095238095,4779.447619047619,1500.047619047619,-0.03340296330098629,0.01899521476056145,0.05239817806154774,-0.041176466568164205,1.377997868993282,0.9177544798816742,False,10.5,-1.3000000000000007,,-1.4848752077715637,YELLOW,2,LOW,1.3980390709190529,-0.41100436796349626,YELLOW,2,HIGH+SHIFT,,-0.23731467028000877,GREEN,1,正常,-0.7226971901044964,-1.3816439117538217,GREEN,1,正常,,1.2991821279119207,YELLOW,2,HIGH,,,N/A,0,無資料,,,N/A,0,無資料,,,N/A,0,無資料,16.7,低風險,人事費年增率(RED)、師生比(YELLOW),113
N07,北大,109,新北市,8654975.0,456122.0,1736479.0,74894.0,205754.0,728000.0,1289207.0,13604626.0,12866751.0,,,,,,,,,,,,,,0,0.30512236302423607,,0,0.1476713935878427,,0,0.1320023176464076,,0,0.4271028399008074,,0,0.1292323496632509,,0,0.6240557339330383,,0,0.35046548706140235,,,,0.6361788262316068,,0.03352697824989823,,0.12763886342777817,,0.005505039241799076,,0.015123826263213704,,0.05351121008398173,,0.0947623992015657,,,,,,,,,-0.05734742204928035,,,False,,,,,N/A,0,無資料,,,N/A,0,無資料,,,N/A,0,無資料,,,N/A,0,無資料,,,N/A,0,無資料,,,N/A,0,無資料,,,N/A,0,無資料,,,N/A,0,無資料,0.0,低風險,人事費年增率(YELLOW)、經費流用比例(YELLOW),113
N07,北大,110,新北市,9226416.0,685944.0,1973721.0,67720.0,202136.0,99000.0,1832078.0,14636905.0,16159911.0,1523006.0,4232228.0,4102751.0,10269638.0,10140161.0,2200806.0,0.1875,,,149.0,12.0,16.0,0.06602456968391011,1,0.30512236302423607,0.5038608091694766,1,0.1476713935878427,0.1366224411582288,1,0.1320023176464076,-0.09578871471679974,0,0.4271028399008074,-0.01758410529078414,0,0.1292323496632509,-0.864010989010989,0,0.6240557339330383,0.4210890880983426,1,0.35046548706140235,,,,0.6303529332191471,-0.005825893012459726,0.046864005744383805,0.013337027494485572,0.13484551549661625,0.007206652068838082,0.004626661169147439,-0.0008783780726516373,0.013810023362179367,-0.0013138029010343368,0.006763724981476617,-0.046747485102505114,0.12516840137993654,0.030406002178370833,61922.25503355705,98234.26174496644,4603.6510067114095,1356.6174496644296,0.2559434001637243,0.07587705828884969,-0.1800663418748746,0.09424593984459444,1.0315585810593917,0.9873922527746353,False,12.416666666666666,,,-1.6147027548249657,YELLOW,2,LOW,,1.038003987382522,YELLOW,2,HIGH,,,N/A,0,無資料,,0.07473861905271856,GREEN,1,正常,,2.059827188962519,RED,3,HIGH,,,N/A,0,無資料,,,N/A,0,無資料,,,N/A,0,無資料,22.9,低風險,人事費年增率(YELLOW)、經費流用比例(YELLOW),113
N07,北大,111,新北市,14516199.0,588451.0,2312942.0,191755.0,227960.0,1400000.0,1412744.0,21332856.0,21855494.0,522638.0,8932995.0,6757874.0,16195719.0,14020598.0,2741779.0,0.2727272727272727,-0.12,16495680.681818182,180.0,17.0,23.0,0.5733302075258692,2,0.30512236302423607,-0.14212967822446146,0,0.1476713935878427,0.17186876969946613,2,0.1320023176464076,1.8315859421145895,1,0.4271028399008074,0.12775557050698538,1,0.1292323496632509,13.141414141414142,1,0.6240557339330383,-0.22888435972704219,0,0.35046548706140235,0.88,-0.12,0.0,0.6804620534634462,0.05010912024429914,0.027584257822768785,-0.01927974792161502,0.10842158218290135,-0.026423933313714898,0.008988716747537226,0.004362055578389787,0.010685864096209153,-0.0031241592659702142,0.06562646839223027,0.058862743410753655,0.06622385675879498,-0.058944544621141556,80645.55,118515.86666666667,3269.1722222222224,1266.4444444444443,0.35245138416913313,0.4574704146812458,0.10501903051211264,0.023913346456501967,1.3218646870302702,0.8656977810000285,False,10.588235294117647,-1.8284313725490193,,0.25564902053463684,GREEN,1,正常,,1.4664795292608173,YELLOW,2,HIGH,,0.12692432864846626,GREEN,1,正常,,0.7652550401277661,GREEN,1,正常,,-0.0975769957019433,GREEN,1,正常,,,N/A,0,無資料,,,N/A,0,無資料,,,N/A,0,無資料,5.2,低風險,人事費年增率(YELLOW)、經費流用比例(YELLOW),113
N07,北大,112,新北市,14991246.0,653272.0,2438717.0,155492.0,243262.0,1772000.0,2813277.0,23849400.0,23797554.0,,9373172.0,7249897.0,18129973.0,16006698.0,501938.0,0.22727272727272727,-0.10999999999999999,16844096.629213482,180.0,17.0,23.0,0.03272530226404309,3,0.30512236302423607,0.11015530604927173,1,0.1476713935878427,0.054378795490764575,3,0.1320023176464076,-0.18911110531668013,0,0.4271028399008074,0.06712581154588525,2,0.1292323496632509,0.26571428571428574,2,0.6240557339330383,0.9913565373485925,1,0.35046548706140235,0.89,-0.10999999999999995,0.0,0.6285795869078468,-0.05188246655559947,0.027391548634347195,-0.00019270918842159007,0.1022548575645509,-0.006166724618350453,0.006519744731523644,-0.002468972016013582,0.0101999211720211,-0.00048594292418805383,0.07429956309173397,0.008673094699503697,0.1179600744672822,0.051736217708487214,83284.7,132496.66666666666,3629.288888888889,1351.4555555555555,0.0888591216469415,0.1179656394811834,0.029106517834241896,-0.002178627265642511,1.292869678010598,0.8828859259746278,False,10.588235294117647,0.0,0.9064478549572829,0.7206057130028992,GREEN,1,正常,-0.7999349937855472,0.7137573456000272,GREEN,1,正常,,0.9940698200820419,GREEN,1,正常,-0.04714045207910314,1.1713072337343753,YELLOW,2,HIGH,-0.7071067811865475,-0.0797372214784326,GREEN,1,正常,,,N/A,0,無資料,,,N/A,0,無資料,,,N/A,0,無資料,5.2,低風險,人事費年增率(YELLOW)、經費流用比例(YELLOW),113
N07,北大,113,新北市,17915419.0,596627.0,2067204.0,129310.0,172003.0,1170239.0,2652139.0,25409886.0,29145666.0,2625967.0,10535865.0,5786623.0,12687968.0,7938726.0,934033.0,0.4375,0.050000000000000044,17062303.80952381,137.0,17.0,23.0,0.1950587029256941,4,0.30512236302423607,-0.08670967070378036,0,0.1476713935878427,-0.1523395293508841,0,0.1320023176464076,-0.16838165307539937,0,0.4271028399008074,-0.2929310784257303,0,0.1292323496632509,-0.33959424379232506,0,0.6240557339330383,-0.05727768719539526,0,0.35046548706140235,1.05,0.04999999999999999,1.0,0.7050570396104886,0.07647745270264183,0.023480113212629133,-0.003911435421718061,0.08135432012563928,-0.020900537438911612,0.005088964192912947,-0.0014307805386106964,0.006769137020134605,-0.003430784151886495,0.04605447659229955,-0.02824508649943442,0.10437429746831607,-0.013585776998966126,130769.48175182482,185473.6204379562,4354.941605839416,1255.4963503649635,0.22473368481483433,0.06543082844851443,-0.1593028563663199,0.12817617549037993,1.8207277370583845,0.6256893144749419,False,8.058823529411764,-2.5294117647058822,4.764016194380586,1.5689195698689482,RED,3,HIGH+SHIFT,-0.09561542700697674,-0.3082392543898969,GREEN,1,正常,23.334523779156054,2.010929574477968,RED,3,HIGH+SHIFT,4.885271508527604,1.9165675197623275,RED,3,HIGH+SHIFT,-2.9734312791240516,-1.4038503266894458,RED,3,SHIFT,,,N/A,0,無資料,,,N/A,0,無資料,,,N/A,0,無資料,43.8,中風險,人事費年增率(YELLOW)、經費流用比例(YELLOW),113
N08,鷺江,109,新北市,7007700.0,387199.0,1046905.0,80856.0,115199.0,1566008.0,991414.0,11458447.0,10410496.0,,,,,,,,,,,,,,0,0.06760003984323433,,0,0.10019325916039541,,0,0.10763185014076058,,0,0.21159907335783457,,0,0.10266208106891102,,0,0.4044600305452307,,0,0.5238533291049714,,,,0.611575024084852,,0.03379157751482378,,0.09136534820120039,,0.007056453636343564,,0.010053631177069632,,0.13666843334005035,,0.08652254533271393,,,,,,,,,-0.10066292710741159,,,False,,,,,N/A,0,無資料,,,N/A,0,無資料,,,N/A,0,無資料,,,N/A,0,無資料,,,N/A,0,無資料,,,N/A,0,無資料,,,N/A,0,無資料,,,N/A,0,無資料,0.0,低風險,每生人事費(RED)、人事費年增率(RED)、師生比(YELLOW),113
N08,鷺江,110,新北市,6903487.0,443209.0,1222323.0,73357.0,139375.0,836278.0,2217058.0,12190875.0,13749148.0,1556346.0,5553843.0,3810085.0,12511079.0,10764321.0,1595697.0,0.16666666666666666,,,102.0,10.0,13.0,-0.014871213094167843,0,0.06760003984323433,0.1446542992104835,1,0.10019325916039541,0.16755866100553538,1,0.10763185014076058,-0.09274512713960621,0,0.21159907335783457,0.20986293283795868,1,0.10266208106891102,-0.465981016699787,0,0.4044600305452307,1.236258515615071,1,0.5238533291049714,,,,0.5662831421042378,-0.04529188198061418,0.036355798906969355,0.0025642213921455784,0.10026540342674337,0.008900055225542977,0.00601736954894542,-0.0010390840873981434,0.011432731448727019,0.001379100271657387,0.06859868549222267,-0.06806974784782768,0.18186208947265886,0.09533954413994493,67681.24509803922,119518.38235294117,4345.186274509804,1366.421568627451,0.32070056988639156,0.06392035500098749,-0.2567802148854041,0.11333596816326365,1.4576690546273903,0.8603831052461582,False,10.2,,,-0.8077887638304336,GREEN,1,正常,,-0.7672298685667099,GREEN,1,正常,,,N/A,0,無資料,,-0.08960860781293072,GREEN,1,正常,,-0.002214867945121807,GREEN,1,正常,,,N/A,0,無資料,,,N/A,0,無資料,,,N/A,0,無資料,0.0,低風險,每生人事費(RED)、人事費年增率(RED)、師生比(YELLOW),113
N08,鷺江,111,新北市,7382340.0,415654.0,1126007.0,108915.0,153431.0,1573640.0,2616558.0,13753629.0,14209848.0,456219.0,5905333.0,3680903.0,14295302.0,12092325.0,702298.0,0.12,,,105.0,10.0,13.0,0.06936393158993419,1,0.06760003984323433,-0.06217157142567051,0,0.10019325916039541,-0.07879750278772468,0,0.10763185014076058,0.4847253840805922,1,0.21159907335783457,0.10085022421524664,2,0.10266208106891102,0.88171875859463,1,0.4044600305452307,0.18019375226087905,2,0.5238533291049714,,,,0.5367557900536651,-0.029527352050572664,0.030221405565033055,-0.006134393341936301,0.08186981050601264,-0.01839559292073073,0.007919000868788885,0.001901631319843465,0.011155673895231578,-0.00027705755349544114,0.11441634785989938,0.045817662367676704,0.19024491645077818,0.008382826978119318,70308.0,130986.94285714286,3958.609523809524,1461.247619047619,0.0335075307939081,0.12819047033129288,0.09468293953738478,0.03210583251840555,1.6043163864953789,0.8458950360055353,False,10.5,0.3000000000000007,,-1.1895174555104833,YELLOW,2,LOW,,-0.3826369279500608,GREEN,1,正常,,,N/A,0,無資料,,-0.4200462521617943,GREEN,1,正常,,-0.14547842995562454,GREEN,1,正常,,,N/A,0,無資料,,,N/A,0,無資料,,,N/A,0,無資料,5.2,低風險,每生人事費(RED)、人事費年增率(RED)、師生比(YELLOW),113
N08,鷺江,112,新北市,6549857.0,481885.0,1263486.0,122799.0,135491.0,2729845.0,5003631.0,16642820.0,16561545.0,,5620888.0,3502186.0,16625634.0,14503932.0,-335743.0,0.13333333333333333,-0.26,8851158.108108109,106.0,10.0,13.0,-0.11276681919283046,0,0.06760003984323433,0.15934166398013733,1,0.10019325916039541,0.12209426762000591,1,0.10763185014076058,0.12747555433135932,2,0.21159907335783457,-0.11692552352523285,0,0.10266208106891102,0.7347328486820366,2,0.4044600305452307,0.9122950838467941,3,0.5238533291049714,0.74,-0.26000000000000006,0.0,0.3935545178040741,-0.14320127224959106,0.028954528138861083,-0.0012668774261719723,0.07591778316415126,-0.005952027341861371,0.007378497153727554,-0.0005405037150613317,0.008141108297752424,-0.0030145655974791533,0.16402538752447002,0.04960903966457064,0.3006480271973139,0.11040311074653575,61791.1037735849,157007.7358490566,4546.084905660377,1278.2169811320755,0.16549768864522688,0.21006753926545496,0.044569850620228085,-0.0049074527768997395,1.6049655843521733,0.8723836937586862,False,10.6,0.09999999999999964,-3.878288736198611,-0.43687870671269785,RED,3,LOW+SHIFT,-2.350664162854964,-0.5214778734438745,RED,3,LOW+SHIFT,,-0.6882472016116855,GREEN,1,正常,-0.30304576336566275,0.11607570130459689,GREEN,1,正常,1.1785113019775764,-0.5773502691896258,YELLOW,2,HIGH+SHIFT,,,N/A,0,無資料,,,N/A,0,無資料,,,N/A,0,無資料,27.1,中風險,每生人事費(RED)、人事費年增率(RED)、師生比(YELLOW),113
N08,鷺江,113,新北市,7810400.0,493617.0,1386265.0,92427.0,130993.0,2245150.0,3739546.0,16288934.0,15523274.0,,4438663.0,3085621.0,17541054.0,16185012.0,-1005215.0,0.26666666666666666,-0.14,9081860.46511628,96.0,10.0,13.0,0.1924535146339836,1,0.06760003984323433,0.024346057669360946,2,0.10019325916039541,0.09717480051223361,2,0.10763185014076058,-0.24733100432413946,0,0.21159907335783457,-0.03319777697411636,0,0.10266208106891102,-0.1775540369508159,0,0.4044600305452307,-0.2526335375250493,0,0.5238533291049714,0.86,-0.14,0.0,0.4794911686670227,0.0859366508629486,0.030303824670171786,0.0013492965313107036,0.08510470973729772,0.009186926573146459,0.005674220301954689,-0.0017042768517728643,0.008041839938697032,-9.926835905539264e-05,0.1378328379254284,-0.02619254959904163,0.22957585806413114,-0.07107216913318279,81358.33333333333,169676.39583333334,5141.84375,1364.5104166666667,-0.06269167520300793,-0.02126358393589548,0.04142809126711246,-0.04932335794626829,1.4384990898104466,0.9226932429487988,False,9.6,-1.0,3.3853502070497026,-1.022864473268207,RED,3,HIGH+LOW+SHIFT,2.324482142926721,1.1128855209680073,RED,3,HIGH+SHIFT,,-1.091089451179962,YELLOW,2,LOW,5.2696518641396795,0.5997934030305941,RED,3,HIGH+SHIFT,-4.003203845127171,0.3427914748120729,RED,3,SHIFT,,,N/A,0,無資料,,,N/A,0,無資料,,,N/A,0,無資料,49.0,中風險,每生人事費(RED)、人事費年增率(RED)、師生比(YELLOW),113
N09,安興,109,新北市,4400396.0,302092.0,631215.0,220535.0,102495.0,540000.0,1145960.0,7834724.0,7993780.0,159056.0,,,,,,,,,,,,,0,0.12725568583815627,,0,0.13396092211377145,,0,0.12973655382471552,,0,0.380092126851851,,0,0.23909230205279777,,0,0.4482682016143247,,0,0.33887674255277395,,,,0.5616529695238786,,0.03855809087850446,,0.08056633520210794,,0.02814840701472062,,0.013082145586749451,,0.06892393401477831,,0.14626679893254696,,,,,,,,,0.019897470283145147,,,False,,,,,N/A,0,無資料,,,N/A,0,無資料,,,N/A,0,無資料,,,N/A,0,無資料,,,N/A,0,無資料,,,N/A,0,無資料,,,N/A,0,無資料,,,N/A,0,無資料,0.0,低風險,人事費年增率(RED)、預決算偏離率(YELLOW)、經費流用比例(YELLOW),113
N09,安興,110,新北市,4234041.0,257048.0,708169.0,111992.0,62469.0,820000.0,1392098.0,8259804.0,8902973.0,608783.0,4175291.0,2726455.0,7824765.0,6375929.0,614671.0,0.3157894736842105,,,,5.0,8.0,-0.03780455213576233,0,0.12725568583815627,-0.14910689458840354,0,0.13396092211377145,0.12191408632557844,1,0.12973655382471552,-0.4921803795315936,0,0.380092126851851,-0.3905166105663691,0,0.23909230205279777,0.5185185185185185,1,0.4482682016143247,0.21478760166148905,1,0.33887674255277395,,,,0.5126079262897764,-0.04904504323410219,0.031120351039806756,-0.007437739838697704,0.08573678019478428,0.00517044499267634,0.013558675242172817,-0.014589731772547803,0.007563012391093057,-0.005519133195656394,0.09927596344901163,0.03035202943423332,0.1685388660554173,0.02227206712287033,,,,,0.11373755594975093,0.05425589976111475,-0.059481656188636184,0.07224204768452067,1.5313991978594916,0.8148396788913149,False,,,,,N/A,0,無資料,,-1.2789999342748535,YELLOW,2,LOW,,,N/A,0,無資料,,1.086771542383295,YELLOW,2,HIGH,,,N/A,0,無資料,,,N/A,0,無資料,,,N/A,0,無資料,,,N/A,0,無資料,10.4,低風險,人事費年增率(RED)、預決算偏離率(YELLOW)、經費流用比例(YELLOW),113
N09,安興,111,新北市,4104465.0,356779.0,798212.0,136426.0,68974.0,1375000.0,1475690.0,8883790.0,9125442.0,241652.0,4374023.0,2683535.0,9231968.0,7541480.0,-129741.0,0.1956521739130435,-0.20999999999999996,5195525.316455696,,4.0,7.0,-0.030603388110790615,0,0.12725568583815627,0.3879859014658741,1,0.13396092211377145,0.12714902798625752,2,0.12973655382471552,0.21817629830702193,1,0.380092126851851,0.10413164929805184,1,0.23909230205279777,0.676829268292683,2,0.4482682016143247,0.06004749665612622,2,0.33887674255277395,0.79,-0.20999999999999994,0.0,0.4620173371950485,-0.050590589094727856,0.04016067466700586,0.009040323627199105,0.08985039043021054,0.004113610235426252,0.015356734006544505,0.0017980587643716874,0.007764028640929153,0.00020101624983609543,0.15477628354564887,0.055500320096637246,0.16611041008398442,-0.0024284559714328746,,,,,0.024988169682194927,0.07554489186426215,0.05055672218206722,0.02648112825658198,1.6299481840184682,0.8168875801995847,True,,,,,N/A,0,無資料,,-0.7494297568919919,GREEN,1,正常,,-1.3961676151331326,YELLOW,2,LOW,,0.167082804112072,GREEN,1,正常,,,N/A,0,無資料,,,N/A,0,無資料,,,N/A,0,無資料,,,N/A,0,無資料,5.2,低風險,人事費年增率(RED)、預決算偏離率(YELLOW)、經費流用比例(YELLOW),113
N09,安興,112,新北市,3361395.0,356119.0,868837.0,87109.0,67046.0,1930000.0,2611976.0,9801505.0,9878078.0,76573.0,4495140.0,2728079.0,11035497.0,9268436.0,567262.0,0.1276595744680851,-0.36,5252179.6875,57.0,5.0,8.0,-0.18103942901206369,0,0.12725568583815627,-0.001849884662494149,0,0.13396092211377145,0.0884790005662656,3,0.12973655382471552,-0.36149267734889245,0,0.380092126851851,-0.027952561834894307,0,0.23909230205279777,0.4036363636363636,3,0.4482682016143247,0.7700031849507688,3,0.33887674255277395,0.64,-0.36,0.0,0.342946822962392,-0.11907051423265652,0.036333093744277026,-0.003827580922728835,0.08864322366820197,-0.001207166762008563,0.008887308632704875,-0.00646942537383963,0.006840378084794121,-0.0009236505561350319,0.19690853598503494,0.042132252439386064,0.2664872384394029,0.1003768283554185,58971.84210526316,171956.22807017545,6247.701754385965,1176.2456140350878,0.08247666250029313,0.10330219422116012,0.020825531720866985,0.007751811637851007,1.6477308758287426,0.8398748148814684,False,11.4,,,-0.6963570534317473,GREEN,1,正常,-28.836545963638923,-0.6195361632665346,RED,3,LOW+SHIFT,,-1.0101032042769136,YELLOW,2,LOW,-1.507491478189193,-0.38333760224740077,YELLOW,2,SHIFT,,0.7581107402492522,GREEN,1,正常,,,N/A,0,無資料,,,N/A,0,無資料,,,N/A,0,無資料,20.8,低風險,人事費年增率(RED)、預決算偏離率(YELLOW)、經費流用比例(YELLOW),113
N09,安興,113,新北市,4817555.0,345000.0,850077.0,116894.0,98986.0,1419000.0,1983942.0,10105038.0,15297334.0,3913614.0,8666787.0,2986112.0,9560217.0,3879542.0,4191156.0,0.2,-0.09999999999999998,5352838.888888889,45.0,5.0,8.0,0.4332010965685378,1,0.12725568583815627,-0.031222709262914924,0,0.13396092211377145,-0.021592082289313187,0,0.12973655382471552,0.3419279293758395,1,0.380092126851851,0.47638934462906063,1,0.23909230205279777,-0.26476683937823836,0,0.4482682016143247,-0.24044401633093107,0,0.33887674255277395,0.9,-0.10000000000000002,0.0,0.4767478360793893,0.13380101311699732,0.03414138571275041,-0.002191708031526615,0.08412407751460212,-0.004519146153599857,0.011567893163786222,0.002680584531081347,0.009795707843948731,0.0029553297591546103,0.14042500384461692,-0.056483532140418014,0.19633196827166804,-0.07015527016773487,107056.77777777778,224556.4,7666.666666666667,2199.688888888889,0.5486144166911823,0.030967999302147987,-0.5176464173890343,0.339424895867476,2.902365015109949,0.405800621471249,False,9.0,-2.4000000000000004,,0.2522683273275647,GREEN,1,正常,6.0853098517590025,0.4613417155709763,RED,3,HIGH+SHIFT,1.744196726926817,0.13739270384632088,YELLOW,2,HIGH+SHIFT,-0.13682027278191328,-0.3435183464241484,GREEN,1,正常,,-0.36171733214434043,GREEN,1,正常,,,N/A,0,無資料,,,N/A,0,無資料,,,N/A,0,無資料,15.6,低風險,人事費年增率(RED)、預決算偏離率(YELLOW)、經費流用比例(YELLOW),113
N10,大觀,109,新北市,7297681.0,536715.0,1324734.0,41208.0,90369.0,800000.0,1178639.0,11772047.0,11614245.0,,,,,,,,,,,,,,0,0.096907446782355,,0,0.059436795768147366,,0,0.09280115033455409,,0,0.5366647678841526,,0,0.3141157095237696,,0,0.9546395418650161,,0,0.4419880060551061,,,,0.6199160604778421,,0.04559232561677676,,0.11253217048827617,,0.003500495708180574,,0.007676574855672935,,0.06795759480063238,,0.10012183947277818,,,,,,,,,-0.013586935698360074,,,False,,,,,N/A,0,無資料,,,N/A,0,無資料,,,N/A,0,無資料,,,N/A,0,無資料,,,N/A,0,無資料,,,N/A,0,無資料,,,N/A,0,無資料,,,N/A,0,無資料,0.0,低風險,每生人事費(YELLOW)、人事費年增率(RED)、預決算偏離率(YELLOW)、經費流用比例(YELLOW)、師生比(YELLOW),113
N10,大觀,110,新北市,8041532.0,584686.0,1402811.0,38191.0,221493.0,116000.0,2285746.0,13109480.0,13298222.0,167343.0,5467389.0,4636886.0,10628680.0,9798177.0,-1138378.0,0.16666666666666666,,,103.0,10.0,13.0,0.1019297774183333,1,0.096907446782355,0.08937890686863606,1,0.059436795768147366,0.05893786979121846,1,0.09280115033455409,-0.07321393904096292,0,0.5366647678841526,1.4509842977127112,1,0.3141157095237696,-0.855,0,0.9546395418650161,0.939309661397595,1,0.4419880060551061,,,,0.6134134992387188,-0.0065025612391232945,0.04460024348791867,-0.0009920821288580892,0.10700737176455512,-0.005524798723721053,0.002913235307578943,-0.0005872604006016309,0.016895635829949015,0.009219060974276081,0.008848558447779774,-0.0591090363528526,0.17435825067050714,0.07423641119772896,78073.12621359223,127276.50485436893,5676.563106796117,2150.4174757281553,0.14499237789455965,0.11361091235874271,-0.031381465535816944,0.014193025202918104,1.1791079185470594,0.9218620750648246,True,10.3,,,0.6482572044734862,GREEN,1,正常,,1.8392484327806802,YELLOW,2,HIGH,,,N/A,0,無資料,,-0.08960860781293072,GREEN,1,正常,,0.09080958574996104,GREEN,1,正常,,,N/A,0,無資料,,,N/A,0,無資料,,,N/A,0,無資料,5.2,低風險,每生人事費(YELLOW)、人事費年增率(RED)、預決算偏離率(YELLOW)、經費流用比例(YELLOW)、師生比(YELLOW),113
N10,大觀,111,新北市,8970981.0,607365.0,1596789.0,62802.0,145300.0,570000.0,2400857.0,14918437.0,15112403.0,193966.0,6285805.0,5261336.0,11812646.0,10788177.0,642285.0,0.2,-0.06999999999999995,9646216.129032258,105.0,10.0,13.0,0.1155810857931051,2,0.096907446782355,0.03878834109248383,2,0.059436795768147366,0.13827807167180753,2,0.09280115033455409,0.6444188421355816,1,0.5366647678841526,-0.343997327229303,0,0.3141157095237696,3.913793103448276,1,0.9546395418650161,0.050360363749952966,2,0.4419880060551061,0.93,-0.06999999999999999,0.0,0.6013351800862249,-0.01207831915249391,0.04071237489557385,-0.0038878685923448217,0.10703460422831158,2.723246375646582e-05,0.004209690331500545,0.0012964550239216023,0.009739626208831394,-0.0071560096211176205,0.038207755946551236,0.02935919749877146,0.16093220757643714,-0.01342604309407,85437.91428571429,142080.3523809524,5784.428571428572,1383.8095238095239,0.13642282404369546,0.13798846331052034,0.0015656392668248753,0.012834888005567348,1.1947165130681636,0.9132735375291869,False,10.5,0.1999999999999993,,0.9256108786838307,GREEN,1,正常,,-0.21306030244307916,GREEN,1,正常,,0.9730865196382444,GREEN,1,正常,,0.20082585332321373,GREEN,1,正常,,-0.14547842995562454,GREEN,1,正常,,,N/A,0,無資料,,,N/A,0,無資料,,,N/A,0,無資料,0.0,低風險,每生人事費(YELLOW)、人事費年增率(RED)、預決算偏離率(YELLOW)、經費流用比例(YELLOW)、師生比(YELLOW),113
N10,大觀,112,新北市,8924216.0,628248.0,1539261.0,38812.0,136372.0,176650.0,3996023.0,16015406.0,16776062.0,760656.0,7527271.0,5509802.0,13229540.0,11444415.0,1158663.0,0.14893617021276595,-0.09999999999999998,9915795.555555556,106.0,10.0,13.0,-0.005212919300575935,0,0.096907446782355,0.034382949297374725,3,0.059436795768147366,-0.03602730229228784,0,0.09280115033455409,-0.38199420400624184,0,0.5366647678841526,-0.06144528561596697,0,0.3141157095237696,-0.6900877192982456,0,0.9546395418650161,0.664415248388388,3,0.4419880060551061,0.8999999999999999,-0.10000000000000003,0.0,0.5572269600908025,-0.04410821999542236,0.039227728600823485,-0.0014846462947503622,0.09611126936151353,-0.010923334866798057,0.0024234165527867355,-0.0017862737787138097,0.00851505107020078,-0.0012245751386306142,0.011030004484432053,-0.027177751462119183,0.24951118941349348,0.08857898183705634,84190.71698113208,151088.7358490566,5926.867924528302,1286.5283018867924,0.1100856693670755,0.073531094443741,-0.03655457492333451,0.04534174945228505,1.3661599817924492,0.8650652252459269,False,10.6,0.09999999999999964,0.467615389740831,1.1441027623316524,YELLOW,2,HIGH,-11.806603668175716,1.152952823988517,RED,3,HIGH+LOW+SHIFT,,1.1470786693528088,YELLOW,2,HIGH,-1.4593480377679817,0.9368967319585306,YELLOW,2,SHIFT,1.4142135623730951,-0.5773502691896258,YELLOW,2,HIGH+SHIFT,,,N/A,0,無資料,,,N/A,0,無資料,,,N/A,0,無資料,32.3,中風險,每生人事費(YELLOW)、人事費年增率(RED)、預決算偏離率(YELLOW)、經費流用比例(YELLOW)、師生比(YELLOW),113
N10,大觀,113,新北市,9314356.0,610060.0,1664885.0,111706.0,162717.0,1709900.0,4052931.0,18076343.0,17552976.0,,6555425.0,5293667.0,14199205.0,12937447.0,-556803.0,0.2631578947368421,-0.07999999999999996,10124300.0,99.0,10.0,13.0,0.043717005505021396,1,0.096907446782355,-0.028950350816874866,0,0.059436795768147366,0.0816131897059693,1,0.09280115033455409,1.8781304751107906,1,0.5366647678841526,0.19318481799782947,1,0.3141157095237696,8.679592414378716,1,0.9546395418650161,0.01424115927260679,4,0.4419880060551061,0.92,-0.08,0.0,0.5152787817757165,-0.041948178315086015,0.03374908298653107,-0.005478645614292413,0.0921029768023322,-0.004008292559181323,0.006179679153023374,0.0037562626002366384,0.009001654814804078,0.0004866037446032978,0.09459324820291361,0.08356324371848156,0.22421188843340714,-0.025299300980086342,94084.40404040404,182589.32323232322,6162.222222222223,1643.6060606060605,0.04631086842669036,0.12868465526256406,0.08237378683587371,-0.029816425431220324,1.2383523557488598,0.9111388278428264,False,9.9,-0.6999999999999993,2.9218972733089528,0.04741585546387214,RED,3,HIGH+SHIFT,-0.40888672478914406,-0.2897699967550742,GREEN,1,正常,0.23570226039551584,0.8728715609439693,GREEN,1,正常,3.5211640779136397,0.554612458915844,RED,3,HIGH+SHIFT,-3.709704134011882,0.7835233709990264,RED,3,SHIFT,,,N/A,0,無資料,,,N/A,0,無資料,,,N/A,0,無資料,33.3,中風險,每生人事費(YELLOW)、人事費年增率(RED)、預決算偏離率(YELLOW)、經費流用比例(YELLOW)、師生比(YELLOW),113
