檔案名稱,項目,111學年度預算數,111學年度決算數,111學年度決算與預算差異,111學年度執行率,110學年度預算數,110學年度決算數,110學年度決算與預算差異,110學年度執行率
N09安興_111學年度財務報告.pdf,收入,"$ 7,186,320","$ 9,125,442","$ 1,939,122",127,"$ 7,186,320","$ 8,902,973","$ 1,716,653",124
N09安興_111學年度財務報告.pdf,教保費收入淨額,"7,186,320","6,957,635","(228,685)",97,"7,186,320","6,932,177","(254,143)",96
N09安興_111學年度財務報告.pdf,教保費收入,"7,186,320","6,981,806","(204,514)",97,"7,186,320","6,990,138","(196,182)",97
N09安興_111學年度財務報告.pdf,教保費收入(家長繳費),"1,440,000","1,105,700","(334,300)",77,"1,800,000","1,376,439","(423,561)",76
N09安興_111學年度財務報告.pdf,教保費收入(政府學費差額補助),"5,746,320","5,876,106","129,786",102,"5,386,320","5,613,699","227,379",104
N09安興_111學年度財務報告.pdf,教保費收入減項,,"(24,171)","(24,171)",,,"(57,961)","(57,961)",
N09安興_111學年度財務報告.pdf,五日未上課退費,,"(24,171)","(24,171)",,,"(51,961)","(51,961)",
N09安興_111學年度財務報告.pdf,轉學/轉出退費,,,,,,"(6,000)","(6,000)",
N09安興_111學年度財務報告.pdf,延後托育收入淨額,,"650,220","650,220",,,"567,480","567,480",
N09安興_111學年度財務報告.pdf,延後托育收入淨額,,"650,220","650,220",,,"567,480","567,480",
N09安興_111學年度財務報告.pdf,延後托育收入,,"681,840","681,840",,,"639,660","639,660",
N09安興_111學年度財務報告.pdf,延後托育收入退費,,"(31,620)","(31,620)",,,"(72,180)","(72,180)",
N09安興_111學年度財務報告.pdf,利息收入,,"41,897","41,897",,,"11,218","11,218",
N09安興_111學年度財務報告.pdf,其他收入,,"1,475,690","1,475,690",,,"1,392,098","1,392,098",
N09安興_111學年度財務報告.pdf,支出,"7,171,445","8,883,790","1,712,345",124,"7,048,949","8,259,804","1,210,855",117
N09安興_111學年度財務報告.pdf,人事費,"5,220,945","4,104,465","(1,116,480)",79,"5,098,449","4,234,041","(864,408)",83
N09安興_111學年度財務報告.pdf,園長及教保服務人員薪資(含職務加给),"2,827,440","2,165,622","(661,818)",77,"2,757,915","2,370,674","(387,241)",86
N09安興_111學年度財務報告.pdf,會計、總務、廚工、清潔薪資,"1,183,653","1,120,408","(63,245)",95,"1,162,797","1,132,099","(30,698)",97
N09安興_111學年度財務報告.pdf,加班費,"398,112","198,381","(199,731)",50,"389,184","43,250","(345,934)",11
N09安興_111學年度財務報告.pdf,勞、健保保費,"475,345","385,239","(90,106)",81,"464,651","406,457","(58,194)",87
N09安興_111學年度財務報告.pdf,保險費,"8,000","6,650","(1,350)",83,"8,000","6,650","(1,350)",83
N09安興_111學年度財務報告.pdf,勞退金提撥,"213,924","171,781","(42,143)",80,"209,100","179,045","(30,055)",86
N09安興_111學年度財務報告.pdf,自強活動,"8,000","9,902","1,902",124,"8,000","18,480","10,480",231
N09安興_111學年度財務報告.pdf,健康檢查,"8,000","1,720","(6,280)",22,"1,000",840,(160),84
N09安興_111學年度財務報告.pdf,代課費及廚工代班費,"68,760","15,051","(53,709)",22,"68,760","47,504","(21,256)",69
N09安興_111學年度財務報告.pdf,資遣費,"29,711","29,711",,100,"29,042","29,042",,100
N09安興_111學年度財務報告.pdf,業務費,"568,000","356,779","(211,221)",63,"568,000","257,048","(310,952)",45
N09安興_111學年度財務報告.pdf,活動費,"75,000","82,418","7,418",110,"75,000","44,386","(30,614)",59
N09安興_111學年度財務報告.pdf,研習、進修,"16,000","4,000","(12,000)",25,"16,000","1,000","(15,000)",6
N09安興_111學年度財務報告.pdf,水費,"20,000","4,614","(15,386)",23,"20,000","8,338","(11,662)",42
N09安興_111學年度財務報告.pdf,電費,"144,000","133,927","(10,073)",93,"144,000","90,159","(53,841)",63
N09安興_111學年度財務報告.pdf,瓦斯費,"30,000","14,775","(15,225)",49,"30,000","13,888","(16,112)",46
N09安興_111學年度財務報告.pdf,保全,"80,000","18,900","(61,100)",24,"80,000","20,790","(59,210)",26
N09安興_111學年度財務報告.pdf,辦公文具,"12,000",,"(12,000)",,"12,000",950,"(11,050)",8
N09安興_111學年度財務報告.pdf,事務機器耗材,"55,000","19,522","(35,478)",35,"55,000","14,354","(40,646)",26
N09安興_111學年度財務報告.pdf,電話費(含網路),"36,000","35,971",(29),100,"36,000","36,883",883,102
N09安興_111學年度財務報告.pdf,郵資,"6,000","4,652","(1,348)",78,"6,000","4,644","(1,356)",77
N09安興_111學年度財務報告.pdf,文宣費(一般文宣),"10,000","3,000","(7,000)",30,"10,000",,"(10,000)",
N09安興_111學年度財務報告.pdf,文宣費(園刊),"25,000","11,000","(14,000)",44,"25,000",,"(25,000)",
N09安興_111學年度財務報告.pdf,攝影照片,"8,000","8,000",,100,"8,000",,"(8,000)",
N09安興_111學年度財務報告.pdf,園務特支,"36,000","16,000","(20,000)",44,"36,000","21,656","(14,344)",60
N09安興_111學年度財務報告.pdf,差旅費,"15,000",,"(15,000)",,"15,000",,"(15,000)",
N09安興_111學年度財務報告.pdf,材料費,"904,200","798,212","(105,988)",88,"904,200","708,169","(196,031)",78
N09安興_111學年度財務報告.pdf,教保材料費,"144,000","60,949","(83,051)",42,"144,000","18,478","(125,522)",13
N09安興_111學年度財務報告.pdf,日常消耗用品,"36,000","26,705","(9,295)",74,"36,000","13,688","(22,312)",38
N09安興_111學年度財務報告.pdf,藥品費,"4,200","1,879","(2,321)",45,"4,200","4,235",35,101
N09安興_111學年度財務報告.pdf,餐點費,"720,000","708,679","(11,321)",98,"720,000","671,768","(48,232)",93
N09安興_111學年度財務報告.pdf,維護費,"93,000","136,426","43,426",147,"93,000","111,992","18,992",120
N09安興_111學年度財務報告.pdf,水電修繕,"60,000","111,770","51,770",186,"60,000","94,933","34,933",158
N09安興_111學年度財務報告.pdf,園舍消毒、清潔,"25,000","22,800","(2,200)",91,"25,000","15,000","(10,000)",60
N09安興_111學年度財務報告.pdf,火險,"8,000","1,856","(6,144)",23,"8,000","2,059","(5,941)",26
N09安興_111學年度財務報告.pdf,修繕購置費,"84,000","68,974","(15,026)",82,"84,000","62,469","(21,531)",74
N09安興_111學年度財務報告.pdf,公共事務管理費,"120,000","72,360","(47,640)",60,"120,000","72,360","(47,640)",60
N09安興_111學年度財務報告.pdf,雜支,"34,080","3,487","(30,593)",10,"34,080",342,"(33,738)",1
N09安興_111學年度財務報告.pdf,行政管理費,"147,220","147,220",,100,"147,220","147,220",,100
N09安興_111學年度財務報告.pdf,業務發展費,,"1,375,000","1,375,000",,,"820,000","820,000",
N09安興_111學年度財務報告.pdf,延後托育支出,,"345,177","345,177",,,"454,065","454,065",
N09安興_111學年度財務報告.pdf,其他支出,,"1,475,690","1,475,690",,,"1,392,098","1,392,098",
N09安興_111學年度財務報告.pdf,本期稅前餘絀,"14,875","241,652","226,777","1,625","137,371","643,169","505,798",468
N09安興_111學年度財務報告.pdf,所得稅費用,,,,,,"34,386","34,386",
N09安興_111學年度財務報告.pdf,本期稅後餘絀,"$ 14,875","$ 241,652","$ 226,777","1,625","$ 137,371","$ 608,783","$ 471,412",443
